"CUSTOMER_CODE","FIRSTNAME","LASTNAME"
"CUST0000010243","Madhuri","Pisal"
"CUST0000010232","Akshay","Nalwade"
"CUST0000010240","Aniket","Oberoi"
"CUST0000010233","Pooja","Pawar"
"CUST0000010231","Maria","Alba"
"CUST0000010242","Swapnil","Chavan"
"CUST0000010238","Amruta","Savant"
"CUST0000010250","Gaytri","Gujar"
"CUST0000010235","Shradha","Desuza"
"CUST0000010246","prajkta","Gund"
"CUST0000010249","Ankita","Thakur"
"CUST0000010236","Rakhi","Gautmi"
"CUST0000010245","Monika","Rasal"
"CUST0000010244","Riya","Ombase"
"CUST0000010241","Sahil","Ganguli"
